"Id","LastName","First Name","Gender","Dob","Address"
"1747","Last Name","First Name","F","1985","Address"
"1723","Last Name","First Name","F","1986","Address"
"1340","Last Name","First Name","F","1986","Address"
"1688","Last Name","First Name","F","2005","Address"
"1986","Last Name","First Name","F","1958","Address"
"1476","Last Name","First Name","F","1972","Address"
"1206","Last Name","First Name","F","1989","Address"
"1149","Last Name","First Name","F","2005","Address"
"1186","Last Name","First Name","F","2003","Address"
"1913","Last Name","First Name","F","2006","Address"
"1130","Last Name","First Name","F","1983","Address"
"1132","Last Name","First Name","F","1964","Address"
"1955","Last Name","First Name","F","1986","Address"
"1264","Last Name","First Name","F","1967","Address"
"1272","Last Name","First Name","F","1999","Address"
"1765","Last Name","First Name","F","2002","Address"
"1391","Last Name","First Name","F","2005","Address"
"1918","Last Name","First Name","F","1967","Address"
"1577","Last Name","First Name","F","1973","Address"
"1419","Last Name","First Name","F","2003","Address"
"1346","Last Name","First Name","F","1971","Address"
"1030","Last Name","First Name","F","1950","Address"
"1936","Last Name","First Name","F","1996","Address"
"1006","Last Name","First Name","F","1985","Address"
"1131","Last Name","First Name","F","2005","Address"
"1506","Last Name","First Name","F","1972","Address"
"1354","Last Name","First Name","F","1988","Address"
"1814","Last Name","First Name","F","1972","Address"
"1662","Last Name","First Name","F","2009","Address"
"1497","Last Name","First Name","F","1988","Address"
"1563","Last Name","First Name","F","1971","Address"
"1143","Last Name","First Name","F","1968","Address"
"1761","Last Name","First Name","F","1972","Address"
"1944","Last Name","First Name","F","1973","Address"
"1652","Last Name","First Name","F","2008","Address"
"1252","Last Name","First Name","F","1977","Address"
"1845","Last Name","First Name","F","1997","Address"
"1382","Last Name","First Name","F","2009","Address"
"1034","Last Name","First Name","F","2008","Address"
"1373","Last Name","First Name","F","1979","Address"
"1756","Last Name","First Name","F","1981","Address"
"1379","Last Name","First Name","F","1959","Address"
"1581","Last Name","First Name","F","2008","Address"
"1426","Last Name","First Name","F","1991","Address"
"1050","Last Name","First Name","F","1968","Address"
"1369","Last Name","First Name","F","1988","Address"
"1453","Last Name","First Name","F","1979","Address"
"1015","Last Name","First Name","F","1966","Address"
"1914","Last Name","First Name","F","1955","Address"
"1710","Last Name","First Name","F","1990","Address"
"1913","Last Name","First Name","F","1971","Address"
"1708","Last Name","First Name","F","2000","Address"
"1899","Last Name","First Name","F","1999","Address"
"1111","Last Name","First Name","F","1954","Address"
"1667","Last Name","First Name","F","1989","Address"
"1015","Last Name","First Name","F","1950","Address"
"1205","Last Name","First Name","F","1988","Address"
"1462","Last Name","First Name","F","1965","Address"
"1047","Last Name","First Name","F","1953","Address"
"1635","Last Name","First Name","F","2008","Address"
"1066","Last Name","First Name","F","1986","Address"
"1922","Last Name","First Name","F","1966","Address"
"1532","Last Name","First Name","F","1973","Address"
"1735","Last Name","First Name","F","1960","Address"
"1528","Last Name","First Name","F","1989","Address"
"1984","Last Name","First Name","F","2004","Address"
"1238","Last Name","First Name","F","1955","Address"
"1632","Last Name","First Name","F","1983","Address"
"1590","Last Name","First Name","F","1971","Address"
"1959","Last Name","First Name","F","1977","Address"
"1823","Last Name","First Name","F","1986","Address"
"1486","Last Name","First Name","F","1955","Address"
"1059","Last Name","First Name","F","1980","Address"
"1216","Last Name","First Name","F","1953","Address"
"1352","Last Name","First Name","F","1952","Address"
"1535","Last Name","First Name","F","1986","Address"
"1614","Last Name","First Name","F","1975","Address"
"1627","Last Name","First Name","F","1989","Address"
"1508","Last Name","First Name","F","1979","Address"
"1499","Last Name","First Name","F","1961","Address"
"1439","Last Name","First Name","F","2005","Address"
"1700","Last Name","First Name","F","1983","Address"
"1089","Last Name","First Name","F","1979","Address"
"1270","Last Name","First Name","F","1965","Address"
"1373","Last Name","First Name","F","1964","Address"
"1816","Last Name","First Name","F","1972","Address"
"1412","Last Name","First Name","F","1963","Address"
"1835","Last Name","First Name","F","1991","Address"
"1408","Last Name","First Name","F","1987","Address"
"1770","Last Name","First Name","F","1989","Address"
"1755","Last Name","First Name","F","1981","Address"
"1831","Last Name","First Name","F","1997","Address"
"1132","Last Name","First Name","F","1964","Address"
"1307","Last Name","First Name","F","1967","Address"
"1654","Last Name","First Name","F","1993","Address"
"1810","Last Name","First Name","F","1994","Address"
"1302","Last Name","First Name","F","1967","Address"
"1295","Last Name","First Name","F","1994","Address"
"1015","Last Name","First Name","F","1950","Address"
"1633","Last Name","First Name","F","1978","Address"
